"filename", "language", "JSON", "Markdown", "PHP", "Python", "pip requirements", "Shell Script", "Log", "comment", "blank", "total"
"f:\Project\工作文件夹\MiraiTravel-plugin-moveNet\README.md", "Markdown", 0, 7, 0, 0, 0, 0, 0, 0, 4, 11
"f:\Project\工作文件夹\MiraiTravel-plugin-moveNet\config.json", "JSON", 11, 0, 0, 0, 0, 0, 0, 0, 0, 11
"f:\Project\工作文件夹\MiraiTravel-plugin-moveNet\miraiTravel\CODE_OF_CONDUCT.md", "Markdown", 0, 93, 0, 0, 0, 0, 0, 0, 36, 129
"f:\Project\工作文件夹\MiraiTravel-plugin-moveNet\miraiTravel\MiraiTravel.php", "PHP", 0, 0, 5, 0, 0, 0, 0, 4, 6, 15
"f:\Project\工作文件夹\MiraiTravel-plugin-moveNet\miraiTravel\README.md", "Markdown", 0, 67, 0, 0, 0, 0, 0, 1, 23, 91
"f:\Project\工作文件夹\MiraiTravel-plugin-moveNet\miraiTravel\components\easyMirai\V0.1.1\easyMirai.php", "PHP", 0, 0, 88, 0, 0, 0, 0, 24, 11, 123
"f:\Project\工作文件夹\MiraiTravel-plugin-moveNet\miraiTravel\components\webhook\V0.1.1\webhook.php", "PHP", 0, 0, 48, 0, 0, 0, 0, 19, 6, 73
"f:\Project\工作文件夹\MiraiTravel-plugin-moveNet\miraiTravel\core\component.php", "PHP", 0, 0, 39, 0, 0, 0, 0, 20, 18, 77
"f:\Project\工作文件夹\MiraiTravel-plugin-moveNet\miraiTravel\core\componentSystem.php", "PHP", 0, 0, 40, 0, 0, 0, 0, 9, 11, 60
"f:\Project\工作文件夹\MiraiTravel-plugin-moveNet\miraiTravel\core\dataSystem.php", "PHP", 0, 0, 112, 0, 0, 0, 0, 25, 12, 149
"f:\Project\工作文件夹\MiraiTravel-plugin-moveNet\miraiTravel\core\httpAdapter.php", "PHP", 0, 0, 92, 0, 0, 0, 0, 10, 11, 113
"f:\Project\工作文件夹\MiraiTravel-plugin-moveNet\miraiTravel\core\logSystem.php", "PHP", 0, 0, 106, 0, 0, 0, 0, 27, 9, 142
"f:\Project\工作文件夹\MiraiTravel-plugin-moveNet\miraiTravel\core\messageChain.php", "PHP", 0, 0, 122, 0, 0, 0, 0, 50, 22, 194
"f:\Project\工作文件夹\MiraiTravel-plugin-moveNet\miraiTravel\core\miraiApiHttp.php", "PHP", 0, 0, 268, 0, 0, 0, 0, 165, 49, 482
"f:\Project\工作文件夹\MiraiTravel-plugin-moveNet\miraiTravel\core\miraiTravel.php", "PHP", 0, 0, 209, 0, 0, 0, 0, 11, 25, 245
"f:\Project\工作文件夹\MiraiTravel-plugin-moveNet\miraiTravel\core\miraiTravelSoftware\config.php", "PHP", 0, 0, 121, 0, 0, 0, 0, 3, 11, 135
"f:\Project\工作文件夹\MiraiTravel-plugin-moveNet\miraiTravel\core\miraiTravelSoftware\help.php", "PHP", 0, 0, 22, 0, 0, 0, 0, 3, 7, 32
"f:\Project\工作文件夹\MiraiTravel-plugin-moveNet\miraiTravel\core\miraiTravelSoftware\plugins.php", "PHP", 0, 0, 55, 0, 0, 0, 0, 3, 8, 66
"f:\Project\工作文件夹\MiraiTravel-plugin-moveNet\miraiTravel\core\miraiTravelSoftware\qqBot.php", "PHP", 0, 0, 95, 0, 0, 0, 0, 3, 9, 107
"f:\Project\工作文件夹\MiraiTravel-plugin-moveNet\miraiTravel\core\miraiTravelSoftware\stay.php", "PHP", 0, 0, 53, 0, 0, 0, 0, 3, 8, 64
"f:\Project\工作文件夹\MiraiTravel-plugin-moveNet\miraiTravel\core\plugin.php", "PHP", 0, 0, 23, 0, 0, 0, 0, 12, 10, 45
"f:\Project\工作文件夹\MiraiTravel-plugin-moveNet\miraiTravel\core\pluginSystem.php", "PHP", 0, 0, 87, 0, 0, 0, 0, 35, 25, 147
"f:\Project\工作文件夹\MiraiTravel-plugin-moveNet\miraiTravel\core\qqObj.php", "PHP", 0, 0, 444, 0, 0, 0, 0, 150, 56, 650
"f:\Project\工作文件夹\MiraiTravel-plugin-moveNet\miraiTravel\core\scriptSystem.php", "PHP", 0, 0, 44, 0, 0, 0, 0, 13, 9, 66
"f:\Project\工作文件夹\MiraiTravel-plugin-moveNet\miraiTravel\core\webhookAdapter.php", "PHP", 0, 0, 32, 0, 0, 0, 0, 17, 9, 58
"f:\Project\工作文件夹\MiraiTravel-plugin-moveNet\miraiTravel\docs\Component.md", "Markdown", 0, 6, 0, 0, 0, 0, 0, 0, 8, 14
"f:\Project\工作文件夹\MiraiTravel-plugin-moveNet\miraiTravel\docs\MiraiTravel.md", "Markdown", 0, 29, 0, 0, 0, 0, 0, 0, 10, 39
"f:\Project\工作文件夹\MiraiTravel-plugin-moveNet\miraiTravel\docs\Plugin.md", "Markdown", 0, 4, 0, 0, 0, 0, 0, 0, 4, 8
"f:\Project\工作文件夹\MiraiTravel-plugin-moveNet\miraiTravel\docs\QQBot.md", "Markdown", 0, 55, 0, 0, 0, 0, 0, 0, 15, 70
"f:\Project\工作文件夹\MiraiTravel-plugin-moveNet\miraiTravel\docs\QQBot\QQBot手册.md", "Markdown", 0, 47, 0, 0, 0, 0, 0, 0, 15, 62
"f:\Project\工作文件夹\MiraiTravel-plugin-moveNet\miraiTravel\docs\System.md", "Markdown", 0, 8, 0, 0, 0, 0, 0, 0, 4, 12
"f:\Project\工作文件夹\MiraiTravel-plugin-moveNet\miraiTravel\docs\System\开放对象.md", "Markdown", 0, 3, 0, 0, 0, 0, 0, 0, 5, 8
"f:\Project\工作文件夹\MiraiTravel-plugin-moveNet\miraiTravel\loadMiraiTravel.php", "PHP", 0, 0, 11, 0, 0, 0, 0, 3, 4, 18
"f:\Project\工作文件夹\MiraiTravel-plugin-moveNet\miraiTravel\logs\Script\2771717841\script.log", "Log", 0, 0, 0, 0, 0, 0, 102, 0, 0, 102
"f:\Project\工作文件夹\MiraiTravel-plugin-moveNet\miraiTravel\logs\Script\2771717841\sendMessage.log", "Log", 0, 0, 0, 0, 0, 0, 31, 0, 26, 57
"f:\Project\工作文件夹\MiraiTravel-plugin-moveNet\miraiTravel\logs\Script\2771717841\webhook.log", "Log", 0, 0, 0, 0, 0, 0, 124, 0, 0, 124
"f:\Project\工作文件夹\MiraiTravel-plugin-moveNet\miraiTravel\logs\httpAdapter.log", "Log", 0, 0, 0, 0, 0, 0, 90, 0, 0, 90
"f:\Project\工作文件夹\MiraiTravel-plugin-moveNet\miraiTravel\logs\miraiApiHttp.log", "Log", 0, 0, 0, 0, 0, 0, 60, 0, 0, 60
"f:\Project\工作文件夹\MiraiTravel-plugin-moveNet\miraiTravel\logs\miraiTravel.log", "Log", 0, 0, 0, 0, 0, 0, 2, 0, 0, 2
"f:\Project\工作文件夹\MiraiTravel-plugin-moveNet\miraiTravel\logs\webhook.log", "Log", 0, 0, 0, 0, 0, 0, 56, 0, 1, 57
"f:\Project\工作文件夹\MiraiTravel-plugin-moveNet\miraiTravel\plugins\bilibiliFans\V0.1.0\bilibiliFans.php", "PHP", 0, 0, 58, 0, 0, 0, 0, 0, 12, 70
"f:\Project\工作文件夹\MiraiTravel-plugin-moveNet\miraiTravel\plugins\bilibiliFans\V0.1.0\config.json", "JSON", 8, 0, 0, 0, 0, 0, 0, 0, 0, 8
"f:\Project\工作文件夹\MiraiTravel-plugin-moveNet\miraiTravel\plugins\groupManager\V0.1.0\config.json", "JSON", 10, 0, 0, 0, 0, 0, 0, 0, 0, 10
"f:\Project\工作文件夹\MiraiTravel-plugin-moveNet\miraiTravel\plugins\groupManager\V0.1.0\groupManager.php", "PHP", 0, 0, 100, 0, 0, 0, 0, 3, 15, 118
"f:\Project\工作文件夹\MiraiTravel-plugin-moveNet\miraiTravel\plugins\runoobC\V0.1.0\README.md", "Markdown", 0, 5, 0, 0, 0, 0, 0, 0, 4, 9
"f:\Project\工作文件夹\MiraiTravel-plugin-moveNet\miraiTravel\plugins\runoobC\V0.1.0\config.json", "JSON", 10, 0, 0, 0, 0, 0, 0, 0, 0, 10
"f:\Project\工作文件夹\MiraiTravel-plugin-moveNet\miraiTravel\plugins\runoobC\V0.1.0\runoobC.php", "PHP", 0, 0, 125, 0, 0, 0, 0, 0, 14, 139
"f:\Project\工作文件夹\MiraiTravel-plugin-moveNet\miraiTravel\script\Q2771717841.php", "PHP", 0, 0, 25, 0, 0, 0, 0, 16, 7, 48
"f:\Project\工作文件夹\MiraiTravel-plugin-moveNet\miraiTravel\webhook.php", "PHP", 0, 0, 65, 0, 0, 0, 0, 6, 14, 85
"f:\Project\工作文件夹\MiraiTravel-plugin-moveNet\otherDepend\MoveNetLite\README.md", "Markdown", 0, 66, 0, 0, 0, 0, 0, 0, 19, 85
"f:\Project\工作文件夹\MiraiTravel-plugin-moveNet\otherDepend\MoveNetLite\app.py", "Python", 0, 0, 0, 36, 0, 0, 0, 3, 0, 39
"f:\Project\工作文件夹\MiraiTravel-plugin-moveNet\otherDepend\MoveNetLite\data.py", "Python", 0, 0, 0, 63, 0, 0, 0, 36, 22, 121
"f:\Project\工作文件夹\MiraiTravel-plugin-moveNet\otherDepend\MoveNetLite\json.json", "JSON", 123, 0, 0, 0, 0, 0, 0, 0, 0, 123
"f:\Project\工作文件夹\MiraiTravel-plugin-moveNet\otherDepend\MoveNetLite\ml\__init__.py", "Python", 0, 0, 0, 4, 0, 0, 0, 14, 2, 20
"f:\Project\工作文件夹\MiraiTravel-plugin-moveNet\otherDepend\MoveNetLite\ml\classifier.py", "Python", 0, 0, 0, 41, 0, 0, 0, 49, 17, 107
"f:\Project\工作文件夹\MiraiTravel-plugin-moveNet\otherDepend\MoveNetLite\ml\classifier_test.py", "Python", 0, 0, 0, 20, 0, 0, 0, 17, 10, 47
"f:\Project\工作文件夹\MiraiTravel-plugin-moveNet\otherDepend\MoveNetLite\ml\movenet.py", "Python", 0, 0, 0, 185, 0, 0, 0, 131, 43, 359
"f:\Project\工作文件夹\MiraiTravel-plugin-moveNet\otherDepend\MoveNetLite\ml\movenet_multipose.py", "Python", 0, 0, 0, 98, 0, 0, 0, 68, 25, 191
"f:\Project\工作文件夹\MiraiTravel-plugin-moveNet\otherDepend\MoveNetLite\ml\movenet_multipose_test.py", "Python", 0, 0, 0, 50, 0, 0, 0, 29, 20, 99
"f:\Project\工作文件夹\MiraiTravel-plugin-moveNet\otherDepend\MoveNetLite\ml\movenet_test.py", "Python", 0, 0, 0, 53, 0, 0, 0, 27, 17, 97
"f:\Project\工作文件夹\MiraiTravel-plugin-moveNet\otherDepend\MoveNetLite\ml\posenet.py", "Python", 0, 0, 0, 62, 0, 0, 0, 54, 25, 141
"f:\Project\工作文件夹\MiraiTravel-plugin-moveNet\otherDepend\MoveNetLite\ml\posenet_test.py", "Python", 0, 0, 0, 43, 0, 0, 0, 25, 15, 83
"f:\Project\工作文件夹\MiraiTravel-plugin-moveNet\otherDepend\MoveNetLite\pose_estimation.py", "Python", 0, 0, 0, 133, 0, 0, 0, 61, 25, 219
"f:\Project\工作文件夹\MiraiTravel-plugin-moveNet\otherDepend\MoveNetLite\requirements.txt", "pip requirements", 0, 0, 0, 0, 5, 0, 0, 0, 1, 6
"f:\Project\工作文件夹\MiraiTravel-plugin-moveNet\otherDepend\MoveNetLite\setup.sh", "Shell Script", 0, 0, 0, 0, 0, 38, 0, 3, 9, 50
"f:\Project\工作文件夹\MiraiTravel-plugin-moveNet\otherDepend\MoveNetLite\test.py", "Python", 0, 0, 0, 35, 0, 0, 0, 4, 11, 50
"f:\Project\工作文件夹\MiraiTravel-plugin-moveNet\otherDepend\MoveNetLite\tracker\__init__.py", "Python", 0, 0, 0, 6, 0, 0, 0, 14, 2, 22
"f:\Project\工作文件夹\MiraiTravel-plugin-moveNet\otherDepend\MoveNetLite\tracker\bounding_box_tracker.py", "Python", 0, 0, 0, 34, 0, 0, 0, 37, 11, 82
"f:\Project\工作文件夹\MiraiTravel-plugin-moveNet\otherDepend\MoveNetLite\tracker\bounding_box_tracker_test.py", "Python", 0, 0, 0, 87, 0, 0, 0, 24, 16, 127
"f:\Project\工作文件夹\MiraiTravel-plugin-moveNet\otherDepend\MoveNetLite\tracker\config.py", "Python", 0, 0, 0, 13, 0, 0, 0, 42, 12, 67
"f:\Project\工作文件夹\MiraiTravel-plugin-moveNet\otherDepend\MoveNetLite\tracker\keypoint_tracker.py", "Python", 0, 0, 0, 47, 0, 0, 0, 61, 12, 120
"f:\Project\工作文件夹\MiraiTravel-plugin-moveNet\otherDepend\MoveNetLite\tracker\keypoint_tracker_test.py", "Python", 0, 0, 0, 207, 0, 0, 0, 32, 28, 267
"f:\Project\工作文件夹\MiraiTravel-plugin-moveNet\otherDepend\MoveNetLite\tracker\tracker.py", "Python", 0, 0, 0, 78, 0, 0, 0, 95, 23, 196
"f:\Project\工作文件夹\MiraiTravel-plugin-moveNet\otherDepend\MoveNetLite\utils.py", "Python", 0, 0, 0, 96, 0, 0, 0, 56, 16, 168
"f:\Project\工作文件夹\MiraiTravel-plugin-moveNet\otherDepend\MoveNetLite\visualizer.py", "Python", 0, 0, 0, 76, 0, 0, 0, 53, 27, 156
"f:\Project\工作文件夹\MiraiTravel-plugin-moveNet\otherDepend\MoveNet\aa.json", "JSON", 87, 0, 0, 0, 0, 0, 0, 0, 0, 87
"f:\Project\工作文件夹\MiraiTravel-plugin-moveNet\otherDepend\MoveNet\app.py", "Python", 0, 0, 0, 68, 0, 0, 0, 41, 17, 126
"f:\Project\工作文件夹\MiraiTravel-plugin-moveNet\otherDepend\MoveNet\kk.py", "Python", 0, 0, 0, 61, 0, 0, 0, 41, 17, 119
"f:\Project\工作文件夹\MiraiTravel-plugin-moveNet\otherDepend\MoveNet\requirements.txt", "pip requirements", 0, 0, 0, 0, 9, 0, 0, 0, 1, 10
"f:\Project\工作文件夹\MiraiTravel-plugin-moveNet\otherDepend\MoveNet\test.py", "Python", 0, 0, 0, 56, 0, 0, 0, 34, 15, 105
"f:\Project\工作文件夹\MiraiTravel-plugin-moveNet\plugin\moveNet.php", "PHP", 0, 0, 115, 0, 0, 0, 0, 8, 13, 136
"Total", "-", 249, 390, 2604, 1652, 14, 38, 465, 1694, 1024, 8130